emp_id, name,department ,designation,join_date, salary ,performance_rating,city,email,is_active,internal_notes
E001,John Doe,Engineering,Director,2018-01-15,150000,4.8,Mumbai,john.doe@company.com,TRUE,
E002,Jane Smith,Sales,Manager,2018-06-20,120000,4.5,Delhi,jane.smith@company.com,TRUE,
E003,Alice Johnson,Marketing,Lead,2019-02-10,100000,4.2,Bangalore,alice.johnson@company.com,TRUE,
E004,Bob Brown,HR,Manager,2019-05-15,115000,4.0,Chennai,bob.brown@company.com,TRUE,
E005,Charlie Davis,Finance,Senior,2019-08-01,75000,3.8,Hyderabad,charlie.davis@company.com,TRUE,
E006,Eve White,Operations,Director,2019-11-20,155000,4.9,Pune,eve.white@company.com,TRUE,
E007,Frank Miller,Engineering,Manager,2020-01-10,125000,4.6,Mumbai,frank.miller@company.com,TRUE,
E008,Grace Wilson,Sales,Lead,2020-03-15,105000,4.1,Delhi,grace.wilson@company.com,TRUE,
E009,Harry Taylor,Marketing,Senior,2020-06-01,78000,3.9,Bangalore,harry.taylor@company.com,TRUE,
E010,Ivy Moore,HR,Senior,2020-09-10,72000,4.3,Chennai,ivy.moore@company.com,TRUE,
E011,Jack Anderson,Finance,Manager,2020-11-15,118000,4.7,Hyderabad,jack.anderson@company.com,TRUE,
E012,Karen Thomas,Operations,Lead,2021-02-20,102000,4.4,Pune,karen.thomas@company.com,TRUE,
E013,Leo Jackson,Engineering,Senior,2021-05-05,80000,,Mumbai,leo.jackson@company.com,TRUE,
E014,Mia Martin,Sales,Junior,2021-08-10,45000,3.5,Delhi,mia.martin@company.com,TRUE,
E015,Noah Lee,Marketing,Manager,2021-10-15,122000,4.8,Bangalore,noah.lee@company.com,TRUE,
E016,Olivia Perez,HR,Lead,2022-01-20,98000,4.0,Chennai,olivia.perez@company.com,TRUE,
,,,,,,,,,,
E017,Paul Thompson,Finance,Junior,2022-04-10,42000,3.6,Hyderabad,paul.thompson@company.com,TRUE,
E018,Quinn Garcia,Operations,Senior,2022-07-15,76000,4.2,Pune,quinn.garcia@company.com,TRUE,
E019,Rachel Martinez,Engineering,Junior,2022-09-01,48000,3.7,Mumbai,rachel.martinez@company.com,TRUE,
E020,Sam Robinson,Sales,Senior,2022-11-10,79000,4.5,Delhi,sam.robinson@company.com,TRUE,
E021,Tina Clark,Marketing,Junior,2023-01-15,44000,3.9,Bangalore,tina.clark@company.com,TRUE,
E022,Uma Rodriguez,HR,Junior,2023-03-20,41000,3.4,Chennai,uma.rodriguez@company.com,TRUE,
E023,Victor Lewis,Finance,Senior,2023-06-10,74000,4.1,Hyderabad,victor.lewis@company.com,FALSE,
E023,Victor Lewis,Finance,Senior,2023-06-10,74000,4.1,Hyderabad,victor.lewis@company.com,FALSE,
E024,Wendy Walker,Operations,Manager,2023-08-15,119000,4.6,Pune,wendy.walker@company.com,TRUE,
E025,Xavier Hall,Engineering,Lead,2023-10-20,108000,4.9,Mumbai,xavier.hall@company.com,TRUE,
E026,Yara Allen,Sales,Manager,2024-01-10,126000,4.7,Delhi,yara.allen@company.com,TRUE,
E027,Zack Young,Marketing,Lead,2024-03-15,103000,4.3,Bangalore,zack.young@company.com,TRUE,
E028,Amy King,HR,Manager,2024-06-20,116000,,Chennai,amy.king@company.com,TRUE,
E029,Brian Wright,Finance,Lead,2024-09-10,99000,4.0,Hyderabad,brian.wright@company.com,TRUE,
E030,Cindy Scott,Operations,Junior,2024-11-15,43000,3.5,Pune,cindy.scott@company.com,TRUE,
E031,John Doe,Engineering,Senior,2025-01-20,82000,4.4,,john.doe.2@company.com,TRUE,
E032,Jane Smith,Sales,Junior,2025-02-10,46000,3.8,Delhi,jane.smith.2@company.com,TRUE,
E033,Alice Johnson,Marketing,Senior,2025-03-15,77000,4.1,Bangalore,alice.johnson.2@company.com,TRUE,
E034,Bob Brown,HR,Junior,2025-04-20,40000,3.2,Chennai,bob.brown.2@company.com,TRUE,
E035,Charlie Davis,Finance,Junior,2025-05-10,41500,3.6,Hyderabad,charlie.davis.2@company.com,TRUE,
E036,Eve White,Operations,Senior,2025-06-15,75000,4.0,Pune,eve.white.2@company.com,TRUE,
E037,Frank Miller,Engineering,Junior,2022-10-10,47000,3.9,Mumbai,frank.miller.2@company.com,TRUE,
E038,Grace Wilson,Sales,Senior,2022-12-15,78000,4.3,Delhi,grace.wilson.2@company.com,TRUE,
E039,Harry Taylor,Marketing,Junior,2023-02-20,45000,3.7,Bangalore,harry.taylor.2@company.com,TRUE,
E040,Ivy Moore,HR,Senior,2023-04-10,71000,4.2,Chennai,ivy.moore.2@company.com,TRUE,
E041,Jack Anderson,Finance,Junior,2023-07-15,42500,3.5,Hyderabad,jack.anderson.2@company.com,TRUE,
E042,Karen Thomas,Operations,Junior,2023-09-20,43500,3.8,Pune,karen.thomas.2@company.com,TRUE,
,,,,,,,,,,
E043,Leo Jackson,Engineering,Manager,2024-02-10,121000,4.7,Mumbai,leo.jackson.2@company.com,TRUE,
E044,Mia Martin,Sales,Lead,2024-04-15,101000,4.1,Delhi,mia.martin.2@company.com,TRUE,
E045,Noah Lee,Marketing,Senior,2024-07-20,79000,4.4,Bangalore,noah.lee.2@company.com,TRUE,
E046,Olivia Perez,HR,Junior,2024-10-10,40500,3.3,Chennai,olivia.perez.2@company.com,TRUE,
E047,Paul Thompson,Finance,Manager,2025-01-15,117000,4.6,Hyderabad,paul.thompson.2@company.com,TRUE,
E048,Quinn Garcia,Operations,Lead,2025-03-20,104000,4.2,,quinn.garcia.2@company.com,TRUE,
E049,Rachel Martinez,Engineering,Senior,2018-05-10,81000,4.5,Mumbai,rachel.martinez.2@company.com,TRUE,
E050,Sam Robinson,Sales,Junior,2018-09-15,45500,3.6,Delhi,sam.robinson.2@company.com,FALSE,
E051,Tina Clark,Marketing,Manager,2019-01-20,123000,4.8,Bangalore,tina.clark.2@company.com,TRUE,
E052,Uma Rodriguez,HR,Lead,2019-04-10,97000,4.0,Chennai,uma.rodriguez.2@company.com,TRUE,
E053,Victor Lewis,Finance,Junior,2019-07-15,41800,3.4,Hyderabad,victor.lewis.2@company.com,TRUE,
E054,Wendy Walker,Operations,Senior,2019-10-20,76500,4.1,Pune,wendy.walker.2@company.com,TRUE,
E055,Xavier Hall,Engineering,Lead,2020-02-10,107000,4.4,Mumbai,xavier.hall.2@company.com,TRUE,
E056,Yara Allen,Sales,Manager,2020-05-15,124000,4.7,Delhi,yara.allen.2@company.com,TRUE,
E056,Yara Allen,Sales,Manager,2020-05-15,124000,4.7,Delhi,yara.allen.2@company.com,TRUE,
E057,Zack Young,Marketing,Junior,2020-08-20,44500,3.7,Bangalore,zack.young.2@company.com,TRUE,
E058,Amy King,HR,Senior,2020-11-10,70500,4.3,Chennai,amy.king.2@company.com,TRUE,
E059,Brian Wright,Finance,Manager,2021-03-15,119500,4.5,Hyderabad,brian.wright.2@company.com,TRUE,
E060,Cindy Scott,Operations,Lead,2021-06-20,103500,4.2,Pune,cindy.scott.2@company.com,TRUE,
E061,John Doe,Engineering,Junior,2021-09-10,47500,3.8,Mumbai,john.doe.3@company.com,TRUE,
E062,Jane Smith,Sales,Senior,2021-12-15,78500,4.4,Delhi,jane.smith.3@company.com,TRUE,
E063,Alice Johnson,Marketing,Junior,2022-03-20,45500,3.6,Bangalore,alice.johnson.3@company.com,TRUE,
E064,Bob Brown,HR,Manager,2022-06-10,115500,4.6,Chennai,bob.brown.3@company.com,TRUE,
E065,Charlie Davis,Finance,Senior,2022-09-15,74500,4.1,Hyderabad,charlie.davis.3@company.com,TRUE,
E066,Eve White,Operations,Junior,2022-12-20,43800,3.5,Pune,eve.white.3@company.com,TRUE,
E067,Frank Miller,Engineering,Lead,2023-04-10,106000,4.3,Mumbai,frank.miller.3@company.com,TRUE,
E068,Grace Wilson,Sales,Manager,2023-07-15,125500,4.8,Delhi,grace.wilson.3@company.com,TRUE,
E069,Harry Taylor,Marketing,Senior,2023-10-20,79500,4.2,Bangalore,harry.taylor.3@company.com,TRUE,
E070,Ivy Moore,HR,Junior,2024-01-10,40800,3.4,Chennai,ivy.moore.3@company.com,TRUE,
E071,Jack Anderson,Finance,Lead,2024-04-15,99500,4.0,Hyderabad,jack.anderson.3@company.com,TRUE,
E072,Karen Thomas,Operations,Manager,2024-07-20,118500,4.5,Pune,karen.thomas.3@company.com,TRUE,
E073,Leo Jackson,Engineering,Junior,2024-10-10,48500,3.9,Mumbai,leo.jackson.3@company.com,TRUE,
E074,Mia Martin,Sales,Senior,2025-01-15,79800,4.6,Delhi,mia.martin.3@company.com,TRUE,
E075,Noah Lee,Marketing,Manager,2025-04-20,122500,4.9,Bangalore,noah.lee.3@company.com,TRUE,
E076,Olivia Perez,HR,Lead,2018-08-10,97500,4.1,Chennai,olivia.perez.3@company.com,TRUE,
E077,Paul Thompson,Finance,Senior,2019-03-15,75500,4.3,Hyderabad,paul.thompson.3@company.com,TRUE,
E078,Quinn Garcia,Operations,Junior,2019-12-20,44200,3.7,Pune,quinn.garcia.3@company.com,TRUE,
E079,Rachel Martinez,Engineering,Manager,2020-07-10,124500,4.7,Mumbai,rachel.martinez.3@company.com,TRUE,
E080,Sam Robinson,Sales,Lead,2021-02-15,104500,4.4,Delhi,sam.robinson.3@company.com,TRUE
