order_id,order_date,customer_name,product_category,product_name,quantity,unit_price,total_amount,region,payment_method,status,notes
1001,2025-01-10,John Doe,Electronics,Smartphone,1,699.99,699.99,North,Credit Card,Completed,
1002,2025-01-15,Jane Smith,Clothing,Jeans,2,49.99,99.98,South,Debit Card,Completed,
1003,2025-01-18,Alice Johnson,Home & Garden,Planter,4,15.99,63.96,East,Cash,Completed,
1004,2025-01-20,Bob Brown,Sports,Basketball,1,29.99,29.99,West,Credit Card,Completed,
1005,2025-01-22,Charlie Davis,Books,Fiction Novel,3,12.99,38.97,North,UPI,Completed,
1006,2025-01-25,Eve White,Electronics,Laptop,1,999.99,999.99,South,Credit Card,Completed,
1007,2025-02-01,Frank Miller,Clothing,T-Shirt,5,19.99,99.95,East,Debit Card,Completed,
1008,2025-02-05,Grace Wilson,Home & Garden,Lawn Mower,1,199.99,199.99,West,Credit Card,Completed,
1009,2025-02-08,Harry Taylor,Sports,Tennis Racket,2,89.99,179.98,North,Cash,Pending,
1010,2025-02-10,Ivy Moore,Books,Cookbook,1,24.99,24.99,South,UPI,Completed,
1011,2025-02-12,Jack Anderson,Electronics,Headphones,2,79.99,159.98,East,Credit Card,Completed,
1012,2025-02-15,Karen Thomas,Clothing,Jacket,1,120.00,120.00,West,,Completed,
1013,2025-02-18,Leo Jackson,Home & Garden,Garden Hose,1,35.00,35.00,,Debit Card,Completed,
1014,2025-02-20,Mia Martin ,Sports,Yoga Mat,3,25.00,75.00,North,Credit Card,Completed,
1015,2025-02-22,Noah Lee,Books ,Biography,2,18.50,37.00,South,Cash,Completed,
1016,2025-02-25,Olivia Perez,Electronics,Tablet,1,299.99,299.99,East,Credit Card,Cancelled,
1017,2025-03-01,Paul Thompson,Clothing,Sneakers,1,65.00,65.00,West,UPI,Completed,
1018,2025-03-05,Quinn Garcia,Home & Garden,Patio Chair,4,45.00,180.00,North,Credit Card,Completed,
1019,2025-03-10,Rachel Martinez,Sports,Dumbbells,2,40.00,80.00,South,Debit Card,Completed,
1020,2025-03-12,Sam Robinson,Books,Sci-Fi Book,1,15.99,15.99,East,Cash,Completed,
,,,,,,,,,,,
1021,2025-03-15,Tina Clark,Electronics,Smartphone,1,699.99,699.99,West,Credit Card,Completed,
1022,2025-03-18,Uma Rodriguez,Clothing,Jeans,1,49.99,49.99,North,Debit Card,Completed,
1023,2025-03-20,Victor Lewis,Home & Garden,Planter,2,15.99,31.98,South,UPI,Returned,
1024,2025-03-22,Wendy Walker,Sports,Basketball,1,29.99,29.99,East,Credit Card,Completed,
1025,2025-03-25,Xavier Hall,Books,Fiction Novel,1,12.99,12.99,West,Cash,Completed,
1026,2025-04-01,Yara Allen,Electronics,Laptop,2,999.99,1999.98,North,Credit Card,Completed,
1027,2025-04-05,Zack Young,Clothing,T-Shirt,3,19.99,59.97,South,Debit Card,Completed,
1028,2025-04-10,Amy King,Home & Garden,Lawn Mower,1,199.99,199.99,East,Credit Card,Completed,
1029,2025-04-12,Brian Wright,Sports,Tennis Racket,1,89.99,89.99,West,UPI,Completed,
1030,2025-04-15,Cindy Scott,Books,Cookbook,2,24.99,49.98,North,Cash,Pending,
1031,2025-04-18,John Doe,Electronics,Headphones,1,79.99,79.99,South,Credit Card,Completed,
1032,2025-04-20,Jane Smith,Clothing,Jacket,1,120.00,120.00,East,Debit Card,Completed,
1032,2025-04-20,Jane Smith,Clothing,Jacket,1,120.00,120.00,East,Debit Card,Completed,
1033,2025-04-22,Alice Johnson,Home & Garden,Garden Hose,2,35.00,70.00,West,Credit Card,Completed,
1034,2025-04-25,Bob Brown,Sports,Yoga Mat,1,25.00,25.00,North,Cash,Completed,
1035,2025-05-01,Charlie Davis,Books,Biography,1,18.50,18.50,South,UPI,Completed,
1036,2025-05-05,Eve White,Electronics,Tablet,1,299.99,299.99,East,Credit Card,Completed,
1037,2025-05-10,Frank Miller,Clothing,Sneakers,2,65.00,130.00,West,Debit Card,Completed,
,,,,,,,,,,,
1038,2025-05-12,Grace Wilson,Home & Garden,Patio Chair,2,45.00,90.00,North,Credit Card,Completed,
1039,2025-05-15,Harry Taylor,Sports,Dumbbells,1,40.00,40.00,South,Cash,Completed,
1040,2025-05-18,Ivy Moore,Books,Sci-Fi Book,3,15.99,47.97,East,UPI,Completed,
1041,2025-05-20,Jack Anderson,Electronics,Smartphone,1,699.99,699.99,West,Credit Card,Completed,
1042,2025-05-22,Karen Thomas,Clothing,Jeans,2,49.99,99.98,North,Debit Card,Completed,
1043,2025-05-25,Leo Jackson,Home & Garden,Planter,5,15.99,79.95,South,Cash,Completed,Follow up on delivery
1044,2025-06-01,Mia Martin,Sports,Basketball,2,29.99,59.98,East,Credit Card,Completed,
1045,2025-06-05,Noah Lee,Books,Fiction Novel,1,12.99,12.99,West,UPI,Completed,
1046,2025-06-10,Olivia Perez,Electronics,Laptop,1,999.99,999.99,North,Credit Card,Cancelled,
1047,2025-06-12,Paul Thompson,Clothing,T-Shirt,4,19.99,79.96,South,Debit Card,Completed,
1048,2025-06-15,Quinn Garcia,Home & Garden,Lawn Mower,1,199.99,199.99,East,Credit Card,Completed,
1049,2025-06-18,Rachel Martinez,Sports,Tennis Racket,1,89.99,89.99,West,Cash,Completed,
1050,2025-06-20,Sam Robinson,Books,Cookbook,1,24.99,24.99,North,UPI,Pending,
1051,2025-06-22,Tina Clark,Electronics,Headphones,3,79.99,239.97,South,Credit Card,Completed,
1052,2025-06-25,Uma Rodriguez,Clothing,Jacket,1,120.00,120.00,East,Debit Card,Completed,
1053,2025-07-01,Victor Lewis,Home & Garden,Garden Hose,1,35.00,35.00,West,Credit Card,Completed,
1054,2025-07-05,Wendy Walker,Sports,Yoga Mat,2,25.00,50.00,North,Cash,Completed,
1055,2025-07-10,Xavier Hall,Books,Biography,1,18.50,18.50,South,UPI,Completed,
1056,2025-07-12,Yara Allen,Electronics,Tablet,2,299.99,599.98,East,Credit Card,Completed,
1057,2025-07-15,Zack Young,Clothing,Sneakers,1,65.00,65.00,West,Debit Card,Completed,
1058,2025-07-18,Amy King,Home & Garden,Patio Chair,4,45.00,180.00,North,Credit Card,Completed,
1059,2025-07-20,Brian Wright,Sports,Dumbbells,2,40.00,80.00,South,Cash,Completed,
1060,2025-07-22,Cindy Scott,Books,Sci-Fi Book,1,15.99,15.99,East,UPI,Completed,
1061,2025-07-25,John Doe,Electronics,Smartphone,1,699.99,699.99,West,Credit Card,Completed,
1062,2025-08-01,Jane Smith,Clothing,Jeans,3,49.99,149.97,North,Debit Card,Completed,
1062,2025-08-01,Jane Smith,Clothing,Jeans,3,49.99,149.97,North,Debit Card,Completed,
1063,2025-08-05,Alice Johnson,Home & Garden,Planter,1,15.99,15.99,South,Cash,Completed,
1064,2025-08-10,Bob Brown,Sports,Basketball,1,29.99,29.99,East,Credit Card,Completed,
1065,2025-08-12,Charlie Davis,Books,Fiction Novel,2,12.99,25.98,West,UPI,Completed,
1066,2025-08-15,Eve White,Electronics,Laptop,1,999.99,999.99,North,Credit Card,Returned,
1067,2025-08-18,Frank Miller,Clothing,T-Shirt,2,19.99,39.98,South,Debit Card,Completed,
1068,2025-08-20,Grace Wilson,Home & Garden,Lawn Mower,1,199.99,199.99,East,Credit Card,Completed,
1069,2025-08-22,Harry Taylor,Sports,Tennis Racket,1,89.99,89.99,West,Cash,Completed,
1070,2025-08-25,Ivy Moore,Books,Cookbook,1,24.99,24.99,North,UPI,Completed,
,,,,,,,,,,,
1071,2025-09-01,Jack Anderson,Electronics,Headphones,1,79.99,79.99,South,Credit Card,Completed,
1072,2025-09-05,Karen Thomas,Clothing,Jacket,1,120.00,120.00,East,Debit Card,Completed,
1073,2025-09-10,Leo Jackson,Home & Garden,Garden Hose,1,35.00,35.00,West,Credit Card,Completed,
1074,2025-09-12,Mia Martin,Sports,Yoga Mat,1,25.00,25.00,North,Cash,Completed,
1075,2025-09-15,Noah Lee,Books,Biography,1,18.50,18.50,South,UPI,Pending,
1076,2025-09-18,Olivia Perez,Electronics,Tablet,1,299.99,299.99,East,Credit Card,Completed,
1077,2025-09-20,Paul Thompson,Clothing,Sneakers,1,65.00,65.00,West,Debit Card,Completed,
1078,2025-09-22,Quinn Garcia,Home & Garden,Patio Chair,2,45.00,90.00,North,Credit Card,Completed,
1078,2025-09-22,Quinn Garcia,Home & Garden,Patio Chair,2,45.00,90.00,North,Credit Card,Completed,
1079,2025-09-25,Rachel Martinez,Sports,Dumbbells,1,40.00,40.00,South,Cash,Completed,
1080,2025-10-01,Sam Robinson,Books,Sci-Fi Book,2,15.99,31.98,East,UPI,Completed,
1081,2025-10-05,Tina Clark,Electronics,Smartphone,1,699.99,699.99,West,Credit Card,Completed,
1082,2025-10-10,Uma Rodriguez,Clothing,Jeans,1,49.99,49.99,North,Debit Card,Completed,
1083,2025-10-12,Victor Lewis,Home & Garden,Planter,3,15.99,47.97,South,Cash,Completed,
1084,2025-10-15,Wendy Walker,Sports,Basketball,1,29.99,29.99,East,Credit Card,Completed,
1085,2025-10-18,Xavier Hall,Books,Fiction Novel,1,12.99,12.99,West,UPI,Completed,
1086,2025-10-20,Yara Allen,Electronics,Laptop,1,999.99,999.99,North,Credit Card,Completed,
1087,2025-10-22,Zack Young,Clothing,T-Shirt,5,19.99,99.95,South,Debit Card,Completed,
1088,2025-10-25,Amy King,Home & Garden,Lawn Mower,1,199.99,199.99,East,Credit Card,Completed,
1089,2025-11-01,Brian Wright,Sports,Tennis Racket,2,89.99,179.98,West,Cash,Completed,
1090,2025-11-05,Cindy Scott,Books,Cookbook,1,24.99,24.99,North,UPI,Completed,
1091,2025-11-10,John Doe,Electronics,Headphones,1,79.99,79.99,South,Credit Card,Completed,
1092,2025-11-12,Jane Smith,Clothing,Jacket,1,120.00,120.00,East,Debit Card,Completed,
1093,2025-11-15,Alice Johnson,Home & Garden,Garden Hose,1,35.00,35.00,West,Credit Card,Completed,
1094,2025-11-18,Bob Brown,Sports,Yoga Mat,2,25.00,50.00,North,Cash,Completed,
1095,2025-11-20,Charlie Davis,Books,Biography,1,18.50,18.50,South,UPI,Completed,
1096,2025-11-22,Eve White,Electronics,Tablet,1,299.99,299.99,East,Credit Card,Completed,
1097,2025-11-25,Frank Miller,Clothing,Sneakers,1,65.00,65.00,West,Debit Card,Completed,
1098,2025-12-01,Grace Wilson,Home & Garden,Patio Chair,2,45.00,90.00,North,Credit Card,Completed,
1099,2025-12-05,Harry Taylor,Sports,Dumbbells,1,40.00,40.00,South,Cash,Completed,
1100,2025-12-10,Ivy Moore,Books,Sci-Fi Book,1,15.99,15.99,East,UPI,Completed
